<?xml version='1.0' encoding='UTF-8'?>
<project name="com.tibco.bpm.cdm.libs.feature" 
         basedir="." 
         default="assemble" >

    <target name="-make-output-directories" >
        <mkdir dir="C:\Builder\candidates\BPM\CaseDataManager\com.tibco.bpm.cdm.libs.feature\2025-04-02-0712.sallapu\debug\features" />
        <mkdir dir="C:\Builder\candidates\BPM\CaseDataManager\com.tibco.bpm.cdm.libs.feature\2025-04-02-0712.sallapu\debug\plugins" />
        <echo file="C:\Builder\candidates\BPM\CaseDataManager\com.tibco.bpm.cdm.libs.feature\2025-04-02-0712.sallapu\debug\.eclipseextension" 
              append="false" />
        <mkdir dir="C:\Builder\candidates\BPM\CaseDataManager\com.tibco.bpm.cdm.libs.feature\2025-04-02-0712.sallapu\release\eclipse\features" />
        <mkdir dir="C:\Builder\candidates\BPM\CaseDataManager\com.tibco.bpm.cdm.libs.feature\2025-04-02-0712.sallapu\release\eclipse\plugins" />
        <echo file="C:\Builder\candidates\BPM\CaseDataManager\com.tibco.bpm.cdm.libs.feature\2025-04-02-0712.sallapu\release\eclipse\.eclipseextension" 
              append="false" />
        <mkdir dir="C:\Builder\candidates\BPM\CaseDataManager\com.tibco.bpm.cdm.libs.feature\2025-04-02-0712.sallapu\jar\debug\features" />
        <mkdir dir="C:\Builder\candidates\BPM\CaseDataManager\com.tibco.bpm.cdm.libs.feature\2025-04-02-0712.sallapu\jar\debug\plugins" />
        <mkdir dir="C:\Builder\candidates\BPM\CaseDataManager\com.tibco.bpm.cdm.libs.feature\2025-04-02-0712.sallapu\jar\release\features" />
        <mkdir dir="C:\Builder\candidates\BPM\CaseDataManager\com.tibco.bpm.cdm.libs.feature\2025-04-02-0712.sallapu\jar\release\plugins" />
    </target>

    <target name="-assemble-features-*_*_*" >
        <ant antfile="build.xml" 
             target="gather.bin.parts" 
             dir="features\com.tibco.bpm.cdm.libs.feature" >
            <property name="feature.base" 
                      location="C:\Builder\candidates\BPM\CaseDataManager\com.tibco.bpm.cdm.libs.feature\2025-04-02-0712.sallapu\debug" />
            <property value="*" 
                      name="os" />
            <property name="arch" 
                      value="*" />
            <property name="ws" 
                      value="*" />
        </ant>
        <zip destfile="C:\Builder\candidates\BPM\CaseDataManager\com.tibco.bpm.cdm.libs.feature\2025-04-02-0712.sallapu\jar\debug\features\com.tibco.bpm.cdm.libs.feature_1.0.0.DEV-2025-04-02-0712-sallapu.jar" 
             basedir="C:\Builder\candidates\BPM\CaseDataManager\com.tibco.bpm.cdm.libs.feature\2025-04-02-0712.sallapu\debug\features\com.tibco.bpm.cdm.libs.feature_1.0.0.DEV-2025-04-02-0712-sallapu" />
    </target>

    <target unless="express-build" 
            name="-copy-and-zip-feature" >
        <copy todir="C:\Builder\candidates\BPM\CaseDataManager\com.tibco.bpm.cdm.libs.feature\2025-04-02-0712.sallapu\release\eclipse\features\com.tibco.bpm.cdm.libs.feature_1.0.0.DEV-2025-04-02-0712-sallapu" >
            <fileset dir="C:\Builder\candidates\BPM\CaseDataManager\com.tibco.bpm.cdm.libs.feature\2025-04-02-0712.sallapu\debug\features\com.tibco.bpm.cdm.libs.feature_1.0.0.DEV-2025-04-02-0712-sallapu" />
        </copy>
        <zip basedir="C:\Builder\candidates\BPM\CaseDataManager\com.tibco.bpm.cdm.libs.feature\2025-04-02-0712.sallapu\release\eclipse\features\com.tibco.bpm.cdm.libs.feature_1.0.0.DEV-2025-04-02-0712-sallapu" 
             destfile="C:\Builder\candidates\BPM\CaseDataManager\com.tibco.bpm.cdm.libs.feature\2025-04-02-0712.sallapu\jar\release\features\com.tibco.bpm.cdm.libs.feature_1.0.0.DEV-2025-04-02-0712-sallapu.jar" />
    </target>

    <target name="-gather-bin-parts-com.tibco.bpm.cdm.libs.dql" 
            depends="-gather-bin-parts-com.tibco.bpm.cdm.libs.dql-debug-extension,
	-gather-bin-parts-com.tibco.bpm.cdm.libs.dql-debug-update,
	-gather-bin-parts-com.tibco.bpm.cdm.libs.dql-release-update,
	-gather-bin-parts-com.tibco.bpm.cdm.libs.dql-release-extension" />

    <target name="-gather-bin-parts-com.tibco.bpm.cdm.libs.dql-debug-extension" >
        <ant target="gather.bin.parts" 
             antfile="build.xml" 
             dir="plugins\com.tibco.bpm.cdm.libs.dql" >
            <property location="C:\Builder\candidates\BPM\CaseDataManager\com.tibco.bpm.cdm.libs.feature\2025-04-02-0712.sallapu\debug\plugins" 
                      name="destination.temp.folder" />
            <property name="os" 
                      value="*" />
            <property value="*" 
                      name="arch" />
            <property name="ws" 
                      value="*" />
        </ant>
    </target>

    <target unless="express-build" 
            name="-gather-bin-parts-com.tibco.bpm.cdm.libs.dql-release-extension" >
        <copy todir="C:\Builder\candidates\BPM\CaseDataManager\com.tibco.bpm.cdm.libs.feature\2025-04-02-0712.sallapu\release\eclipse\plugins\com.tibco.bpm.cdm.libs.dql_1.0.0.DEV-2025-04-02-0712-sallapu" >
            <fileset dir="C:\Builder\candidates\BPM\CaseDataManager\com.tibco.bpm.cdm.libs.feature\2025-04-02-0712.sallapu\debug\plugins\com.tibco.bpm.cdm.libs.dql_1.0.0.DEV-2025-04-02-0712-sallapu" />
        </copy>
    </target>

    <target name="-gather-bin-parts-com.tibco.bpm.cdm.libs.dql-debug-update" >
        <zip basedir="C:\Builder\candidates\BPM\CaseDataManager\com.tibco.bpm.cdm.libs.feature\2025-04-02-0712.sallapu\debug\plugins\com.tibco.bpm.cdm.libs.dql_1.0.0.DEV-2025-04-02-0712-sallapu" 
             destfile="C:\Builder\candidates\BPM\CaseDataManager\com.tibco.bpm.cdm.libs.feature\2025-04-02-0712.sallapu\jar\debug\plugins\com.tibco.bpm.cdm.libs.dql_1.0.0.DEV-2025-04-02-0712-sallapu.jar" />
    </target>

    <target name="-gather-bin-parts-com.tibco.bpm.cdm.libs.dql-release-update" 
            unless="express-build" >
        <copy file="C:\Builder\candidates\BPM\CaseDataManager\com.tibco.bpm.cdm.libs.feature\2025-04-02-0712.sallapu\jar\debug\plugins\com.tibco.bpm.cdm.libs.dql_1.0.0.DEV-2025-04-02-0712-sallapu.jar" 
              tofile="C:\Builder\candidates\BPM\CaseDataManager\com.tibco.bpm.cdm.libs.feature\2025-04-02-0712.sallapu\jar\release\plugins\com.tibco.bpm.cdm.libs.dql_1.0.0.DEV-2025-04-02-0712-sallapu.jar" />
        <echo append="false" 
              file="C:\Builder\candidates\BPM\CaseDataManager\com.tibco.bpm.cdm.libs.feature\2025-04-02-0712.sallapu\jar\release\plugins\com.tibco.bpm.cdm.libs.dql_1.0.0.DEV-2025-04-02-0712-sallapu.IS_NOT_OBFUSCATED" 
              message="com.tibco.bpm.cdm.libs.dql_1.0.0.DEV-2025-04-02-0712-sallapu IS_NOT_OBFUSCATED" 
              level="warning" />
    </target>

    <target depends="-gather-bin-parts-com.tibco.bpm.cdm.libs.dql" 
            name="gather.bin.parts-*_*_*" />

    <target depends="-assemble-features-*_*_*, -copy-and-zip-feature, gather.bin.parts-*_*_*" 
            name="assemble-*_*_*" />

    <target depends="-make-output-directories,
	assemble-*_*_*,
	-copy-feature-to-local-site-release,
	-copy-feature-to-local-site-debug" 
            name="assemble" />

    <target name="clean" >
        <delete file="C:\CodeBase\ACE\trunk\CaseDataManager\com.tibco.bpm.cdm.libs.feature\assemble.xml" />
        <delete >
            <fileset includes="build.xml, **/*.args" 
                     dir="C:\CodeBase\ACE\trunk\CaseDataManager\com.tibco.bpm.cdm.libs.feature\plugins\com.tibco.bpm.cdm.libs.dql" />
        </delete>
    </target>

    <target unless="express-build" 
            name="-copy-feature-to-local-site-release" >
        <copy todir="C:\Builder\workspaceInstaller\local-builds-site\features" 
              file="C:\Builder\candidates\BPM\CaseDataManager\com.tibco.bpm.cdm.libs.feature\2025-04-02-0712.sallapu\jar\release\features\com.tibco.bpm.cdm.libs.feature_1.0.0.DEV-2025-04-02-0712-sallapu.jar" />
        <copy file="C:\Builder\candidates\BPM\CaseDataManager\com.tibco.bpm.cdm.libs.feature\2025-04-02-0712.sallapu\jar\release\plugins\com.tibco.bpm.cdm.libs.dql_1.0.0.DEV-2025-04-02-0712-sallapu.jar" 
              todir="C:\Builder\workspaceInstaller\local-builds-site\plugins" />
    </target>

    <target name="-copy-feature-to-local-site-debug" >
        <copy file="C:\Builder\candidates\BPM\CaseDataManager\com.tibco.bpm.cdm.libs.feature\2025-04-02-0712.sallapu\jar\debug\features\com.tibco.bpm.cdm.libs.feature_1.0.0.DEV-2025-04-02-0712-sallapu.jar" 
              todir="C:\Builder\workspaceInstaller\local-builds-site-debug\features" />
        <copy file="C:\Builder\candidates\BPM\CaseDataManager\com.tibco.bpm.cdm.libs.feature\2025-04-02-0712.sallapu\jar\debug\plugins\com.tibco.bpm.cdm.libs.dql_1.0.0.DEV-2025-04-02-0712-sallapu.jar" 
              todir="C:\Builder\workspaceInstaller\local-builds-site-debug\plugins" />
    </target>
</project>
