<?xml version='1.0' encoding='UTF-8'?>
<project basedir="." 
         name="com.tibco.bpm.cdm.libs.feature.eclipse" 
         default="assemble" >

    <target name="-make-output-directories" >
        <mkdir dir="C:\Builder\candidates\BPM\CaseDataManager\com.tibco.bpm.cdm.libs.feature.eclipse\2025-04-02-0712.sallapu\debug\features" />
        <mkdir dir="C:\Builder\candidates\BPM\CaseDataManager\com.tibco.bpm.cdm.libs.feature.eclipse\2025-04-02-0712.sallapu\debug\plugins" />
        <echo file="C:\Builder\candidates\BPM\CaseDataManager\com.tibco.bpm.cdm.libs.feature.eclipse\2025-04-02-0712.sallapu\debug\.eclipseextension" 
              append="false" />
        <mkdir dir="C:\Builder\candidates\BPM\CaseDataManager\com.tibco.bpm.cdm.libs.feature.eclipse\2025-04-02-0712.sallapu\release\eclipse\features" />
        <mkdir dir="C:\Builder\candidates\BPM\CaseDataManager\com.tibco.bpm.cdm.libs.feature.eclipse\2025-04-02-0712.sallapu\release\eclipse\plugins" />
        <echo append="false" 
              file="C:\Builder\candidates\BPM\CaseDataManager\com.tibco.bpm.cdm.libs.feature.eclipse\2025-04-02-0712.sallapu\release\eclipse\.eclipseextension" />
        <mkdir dir="C:\Builder\candidates\BPM\CaseDataManager\com.tibco.bpm.cdm.libs.feature.eclipse\2025-04-02-0712.sallapu\jar\debug\features" />
        <mkdir dir="C:\Builder\candidates\BPM\CaseDataManager\com.tibco.bpm.cdm.libs.feature.eclipse\2025-04-02-0712.sallapu\jar\debug\plugins" />
        <mkdir dir="C:\Builder\candidates\BPM\CaseDataManager\com.tibco.bpm.cdm.libs.feature.eclipse\2025-04-02-0712.sallapu\jar\release\features" />
        <mkdir dir="C:\Builder\candidates\BPM\CaseDataManager\com.tibco.bpm.cdm.libs.feature.eclipse\2025-04-02-0712.sallapu\jar\release\plugins" />
    </target>

    <target name="-assemble-features-*_*_*" >
        <ant target="gather.bin.parts" 
             dir="features\com.tibco.bpm.cdm.libs.feature.eclipse" 
             antfile="build.xml" >
            <property location="C:\Builder\candidates\BPM\CaseDataManager\com.tibco.bpm.cdm.libs.feature.eclipse\2025-04-02-0712.sallapu\debug" 
                      name="feature.base" />
            <property value="*" 
                      name="os" />
            <property value="*" 
                      name="arch" />
            <property name="ws" 
                      value="*" />
        </ant>
        <zip destfile="C:\Builder\candidates\BPM\CaseDataManager\com.tibco.bpm.cdm.libs.feature.eclipse\2025-04-02-0712.sallapu\jar\debug\features\com.tibco.bpm.cdm.libs.feature.eclipse_1.0.0.DEV-test-2025-04-02-0712-sallapu.jar" 
             basedir="C:\Builder\candidates\BPM\CaseDataManager\com.tibco.bpm.cdm.libs.feature.eclipse\2025-04-02-0712.sallapu\debug\features\com.tibco.bpm.cdm.libs.feature.eclipse_1.0.0.DEV-test-2025-04-02-0712-sallapu" />
    </target>

    <target name="-copy-and-zip-feature" 
            unless="express-build" >
        <copy todir="C:\Builder\candidates\BPM\CaseDataManager\com.tibco.bpm.cdm.libs.feature.eclipse\2025-04-02-0712.sallapu\release\eclipse\features\com.tibco.bpm.cdm.libs.feature.eclipse_1.0.0.DEV-test-2025-04-02-0712-sallapu" >
            <fileset dir="C:\Builder\candidates\BPM\CaseDataManager\com.tibco.bpm.cdm.libs.feature.eclipse\2025-04-02-0712.sallapu\debug\features\com.tibco.bpm.cdm.libs.feature.eclipse_1.0.0.DEV-test-2025-04-02-0712-sallapu" />
        </copy>
        <zip basedir="C:\Builder\candidates\BPM\CaseDataManager\com.tibco.bpm.cdm.libs.feature.eclipse\2025-04-02-0712.sallapu\release\eclipse\features\com.tibco.bpm.cdm.libs.feature.eclipse_1.0.0.DEV-test-2025-04-02-0712-sallapu" 
             destfile="C:\Builder\candidates\BPM\CaseDataManager\com.tibco.bpm.cdm.libs.feature.eclipse\2025-04-02-0712.sallapu\jar\release\features\com.tibco.bpm.cdm.libs.feature.eclipse_1.0.0.DEV-test-2025-04-02-0712-sallapu.jar" />
    </target>

    <target name="-gather-bin-parts-com.tibco.bpm.cdm.libs.dql" 
            depends="-gather-bin-parts-com.tibco.bpm.cdm.libs.dql-debug-extension,
	-gather-bin-parts-com.tibco.bpm.cdm.libs.dql-debug-update,
	-gather-bin-parts-com.tibco.bpm.cdm.libs.dql-release-update,
	-gather-bin-parts-com.tibco.bpm.cdm.libs.dql-release-extension" />

    <target name="-gather-bin-parts-com.tibco.bpm.cdm.libs.dql-debug-extension" >
        <ant dir="plugins\com.tibco.bpm.cdm.libs.dql" 
             antfile="build.xml" 
             target="gather.bin.parts" >
            <property name="destination.temp.folder" 
                      location="C:\Builder\candidates\BPM\CaseDataManager\com.tibco.bpm.cdm.libs.feature.eclipse\2025-04-02-0712.sallapu\debug\plugins" />
            <property name="os" 
                      value="*" />
            <property name="arch" 
                      value="*" />
            <property value="*" 
                      name="ws" />
        </ant>
    </target>

    <target name="-gather-bin-parts-com.tibco.bpm.cdm.libs.dql-release-extension" 
            unless="express-build" >
        <copy todir="C:\Builder\candidates\BPM\CaseDataManager\com.tibco.bpm.cdm.libs.feature.eclipse\2025-04-02-0712.sallapu\release\eclipse\plugins\com.tibco.bpm.cdm.libs.dql_1.0.0.DEV-test-2025-04-02-0712-sallapu" >
            <fileset dir="C:\Builder\candidates\BPM\CaseDataManager\com.tibco.bpm.cdm.libs.feature.eclipse\2025-04-02-0712.sallapu\debug\plugins\com.tibco.bpm.cdm.libs.dql_1.0.0.DEV-test-2025-04-02-0712-sallapu" />
        </copy>
    </target>

    <target name="-gather-bin-parts-com.tibco.bpm.cdm.libs.dql-debug-update" >
        <zip basedir="C:\Builder\candidates\BPM\CaseDataManager\com.tibco.bpm.cdm.libs.feature.eclipse\2025-04-02-0712.sallapu\debug\plugins\com.tibco.bpm.cdm.libs.dql_1.0.0.DEV-test-2025-04-02-0712-sallapu" 
             destfile="C:\Builder\candidates\BPM\CaseDataManager\com.tibco.bpm.cdm.libs.feature.eclipse\2025-04-02-0712.sallapu\jar\debug\plugins\com.tibco.bpm.cdm.libs.dql_1.0.0.DEV-test-2025-04-02-0712-sallapu.jar" />
    </target>

    <target unless="express-build" 
            name="-gather-bin-parts-com.tibco.bpm.cdm.libs.dql-release-update" >
        <copy file="C:\Builder\candidates\BPM\CaseDataManager\com.tibco.bpm.cdm.libs.feature.eclipse\2025-04-02-0712.sallapu\jar\debug\plugins\com.tibco.bpm.cdm.libs.dql_1.0.0.DEV-test-2025-04-02-0712-sallapu.jar" 
              tofile="C:\Builder\candidates\BPM\CaseDataManager\com.tibco.bpm.cdm.libs.feature.eclipse\2025-04-02-0712.sallapu\jar\release\plugins\com.tibco.bpm.cdm.libs.dql_1.0.0.DEV-test-2025-04-02-0712-sallapu.jar" />
        <echo file="C:\Builder\candidates\BPM\CaseDataManager\com.tibco.bpm.cdm.libs.feature.eclipse\2025-04-02-0712.sallapu\jar\release\plugins\com.tibco.bpm.cdm.libs.dql_1.0.0.DEV-test-2025-04-02-0712-sallapu.IS_NOT_OBFUSCATED" 
              message="com.tibco.bpm.cdm.libs.dql_1.0.0.DEV-test-2025-04-02-0712-sallapu IS_NOT_OBFUSCATED" 
              level="warning" 
              append="false" />
    </target>

    <target name="gather.bin.parts-*_*_*" 
            depends="-gather-bin-parts-com.tibco.bpm.cdm.libs.dql" />

    <target depends="-assemble-features-*_*_*, -copy-and-zip-feature, gather.bin.parts-*_*_*" 
            name="assemble-*_*_*" />

    <target name="assemble" 
            depends="-make-output-directories,
	assemble-*_*_*,
	-copy-feature-to-local-site-release,
	-copy-feature-to-local-site-debug" />

    <target name="clean" >
        <delete file="C:\CodeBase\ACE\trunk\CaseDataManager\com.tibco.bpm.cdm.libs.feature\dual-build\assemble.xml" />
        <delete >
            <fileset includes="build.xml, **/*.args" 
                     dir="C:\CodeBase\ACE\trunk\CaseDataManager\com.tibco.bpm.cdm.libs.feature\dual-build\plugins\com.tibco.bpm.cdm.libs.dql" />
        </delete>
    </target>

    <target name="-copy-feature-to-local-site-release" 
            unless="express-build" >
        <copy file="C:\Builder\candidates\BPM\CaseDataManager\com.tibco.bpm.cdm.libs.feature.eclipse\2025-04-02-0712.sallapu\jar\release\features\com.tibco.bpm.cdm.libs.feature.eclipse_1.0.0.DEV-test-2025-04-02-0712-sallapu.jar" 
              todir="C:\Builder\workspaceInstaller\local-builds-site\features" />
        <copy file="C:\Builder\candidates\BPM\CaseDataManager\com.tibco.bpm.cdm.libs.feature.eclipse\2025-04-02-0712.sallapu\jar\release\plugins\com.tibco.bpm.cdm.libs.dql_1.0.0.DEV-test-2025-04-02-0712-sallapu.jar" 
              todir="C:\Builder\workspaceInstaller\local-builds-site\plugins" />
    </target>

    <target name="-copy-feature-to-local-site-debug" >
        <copy file="C:\Builder\candidates\BPM\CaseDataManager\com.tibco.bpm.cdm.libs.feature.eclipse\2025-04-02-0712.sallapu\jar\debug\features\com.tibco.bpm.cdm.libs.feature.eclipse_1.0.0.DEV-test-2025-04-02-0712-sallapu.jar" 
              todir="C:\Builder\workspaceInstaller\local-builds-site-debug\features" />
        <copy todir="C:\Builder\workspaceInstaller\local-builds-site-debug\plugins" 
              file="C:\Builder\candidates\BPM\CaseDataManager\com.tibco.bpm.cdm.libs.feature.eclipse\2025-04-02-0712.sallapu\jar\debug\plugins\com.tibco.bpm.cdm.libs.dql_1.0.0.DEV-test-2025-04-02-0712-sallapu.jar" />
    </target>
</project>
