<?xml version='1.0' encoding='UTF-8'?>
<project name="com.tibco.bpm.cdm.dm.feature" 
         default="assemble" 
         basedir="." >

    <target name="-make-output-directories" >
        <mkdir dir="C:\Builder\candidates\BPM\CaseDataManager\com.tibco.bpm.cdm.dm.feature\2025-04-02-0709.sallapu\debug\features" />
        <mkdir dir="C:\Builder\candidates\BPM\CaseDataManager\com.tibco.bpm.cdm.dm.feature\2025-04-02-0709.sallapu\debug\plugins" />
        <echo append="false" 
              file="C:\Builder\candidates\BPM\CaseDataManager\com.tibco.bpm.cdm.dm.feature\2025-04-02-0709.sallapu\debug\.eclipseextension" />
        <mkdir dir="C:\Builder\candidates\BPM\CaseDataManager\com.tibco.bpm.cdm.dm.feature\2025-04-02-0709.sallapu\release\eclipse\features" />
        <mkdir dir="C:\Builder\candidates\BPM\CaseDataManager\com.tibco.bpm.cdm.dm.feature\2025-04-02-0709.sallapu\release\eclipse\plugins" />
        <echo append="false" 
              file="C:\Builder\candidates\BPM\CaseDataManager\com.tibco.bpm.cdm.dm.feature\2025-04-02-0709.sallapu\release\eclipse\.eclipseextension" />
        <mkdir dir="C:\Builder\candidates\BPM\CaseDataManager\com.tibco.bpm.cdm.dm.feature\2025-04-02-0709.sallapu\jar\debug\features" />
        <mkdir dir="C:\Builder\candidates\BPM\CaseDataManager\com.tibco.bpm.cdm.dm.feature\2025-04-02-0709.sallapu\jar\debug\plugins" />
        <mkdir dir="C:\Builder\candidates\BPM\CaseDataManager\com.tibco.bpm.cdm.dm.feature\2025-04-02-0709.sallapu\jar\release\features" />
        <mkdir dir="C:\Builder\candidates\BPM\CaseDataManager\com.tibco.bpm.cdm.dm.feature\2025-04-02-0709.sallapu\jar\release\plugins" />
    </target>

    <target name="-assemble-features-*_*_*" >
        <ant target="gather.bin.parts" 
             antfile="build.xml" 
             dir="features\com.tibco.bpm.cdm.dm.feature" >
            <property location="C:\Builder\candidates\BPM\CaseDataManager\com.tibco.bpm.cdm.dm.feature\2025-04-02-0709.sallapu\debug" 
                      name="feature.base" />
            <property value="*" 
                      name="os" />
            <property value="*" 
                      name="arch" />
            <property name="ws" 
                      value="*" />
        </ant>
        <zip destfile="C:\Builder\candidates\BPM\CaseDataManager\com.tibco.bpm.cdm.dm.feature\2025-04-02-0709.sallapu\jar\debug\features\com.tibco.bpm.cdm.dm.feature_1.0.0.DEV-2025-04-02-0709-sallapu.jar" 
             basedir="C:\Builder\candidates\BPM\CaseDataManager\com.tibco.bpm.cdm.dm.feature\2025-04-02-0709.sallapu\debug\features\com.tibco.bpm.cdm.dm.feature_1.0.0.DEV-2025-04-02-0709-sallapu" />
    </target>

    <target unless="express-build" 
            name="-copy-and-zip-feature" >
        <copy todir="C:\Builder\candidates\BPM\CaseDataManager\com.tibco.bpm.cdm.dm.feature\2025-04-02-0709.sallapu\release\eclipse\features\com.tibco.bpm.cdm.dm.feature_1.0.0.DEV-2025-04-02-0709-sallapu" >
            <fileset dir="C:\Builder\candidates\BPM\CaseDataManager\com.tibco.bpm.cdm.dm.feature\2025-04-02-0709.sallapu\debug\features\com.tibco.bpm.cdm.dm.feature_1.0.0.DEV-2025-04-02-0709-sallapu" />
        </copy>
        <zip basedir="C:\Builder\candidates\BPM\CaseDataManager\com.tibco.bpm.cdm.dm.feature\2025-04-02-0709.sallapu\release\eclipse\features\com.tibco.bpm.cdm.dm.feature_1.0.0.DEV-2025-04-02-0709-sallapu" 
             destfile="C:\Builder\candidates\BPM\CaseDataManager\com.tibco.bpm.cdm.dm.feature\2025-04-02-0709.sallapu\jar\release\features\com.tibco.bpm.cdm.dm.feature_1.0.0.DEV-2025-04-02-0709-sallapu.jar" />
    </target>

    <target name="-gather-bin-parts-com.tibco.bpm.cdm.dm" 
            depends="-gather-bin-parts-com.tibco.bpm.cdm.dm-debug-extension,
	-gather-bin-parts-com.tibco.bpm.cdm.dm-debug-update,
	-gather-bin-parts-com.tibco.bpm.cdm.dm-release-extension,
	-gather-bin-parts-com.tibco.bpm.cdm.dm-release-update" />

    <target name="-gather-bin-parts-com.tibco.bpm.cdm.dm-debug-extension" >
        <ant target="gather.bin.parts" 
             antfile="build.xml" 
             dir="plugins\com.tibco.bpm.cdm.dm" >
            <property name="destination.temp.folder" 
                      location="C:\Builder\candidates\BPM\CaseDataManager\com.tibco.bpm.cdm.dm.feature\2025-04-02-0709.sallapu\debug\plugins" />
            <property name="os" 
                      value="*" />
            <property name="arch" 
                      value="*" />
            <property name="ws" 
                      value="*" />
        </ant>
    </target>

    <target unless="express-build" 
            name="-gather-bin-parts-com.tibco.bpm.cdm.dm-release-extension" >
        <copy todir="C:\Builder\candidates\BPM\CaseDataManager\com.tibco.bpm.cdm.dm.feature\2025-04-02-0709.sallapu\release\eclipse\plugins\com.tibco.bpm.cdm.dm_1.0.0.DEV-2025-04-02-0709-sallapu" >
            <fileset dir="C:\Builder\candidates\BPM\CaseDataManager\com.tibco.bpm.cdm.dm.feature\2025-04-02-0709.sallapu\debug\plugins\com.tibco.bpm.cdm.dm_1.0.0.DEV-2025-04-02-0709-sallapu" />
        </copy>
    </target>

    <target name="-gather-bin-parts-com.tibco.bpm.cdm.dm-debug-update" >
        <zip basedir="C:\Builder\candidates\BPM\CaseDataManager\com.tibco.bpm.cdm.dm.feature\2025-04-02-0709.sallapu\debug\plugins\com.tibco.bpm.cdm.dm_1.0.0.DEV-2025-04-02-0709-sallapu" 
             destfile="C:\Builder\candidates\BPM\CaseDataManager\com.tibco.bpm.cdm.dm.feature\2025-04-02-0709.sallapu\jar\debug\plugins\com.tibco.bpm.cdm.dm_1.0.0.DEV-2025-04-02-0709-sallapu.jar" />
    </target>

    <target unless="express-build" 
            name="-gather-bin-parts-com.tibco.bpm.cdm.dm-release-update" >
        <copy tofile="C:\Builder\candidates\BPM\CaseDataManager\com.tibco.bpm.cdm.dm.feature\2025-04-02-0709.sallapu\jar\release\plugins\com.tibco.bpm.cdm.dm_1.0.0.DEV-2025-04-02-0709-sallapu.jar" 
              file="C:\Builder\candidates\BPM\CaseDataManager\com.tibco.bpm.cdm.dm.feature\2025-04-02-0709.sallapu\jar\debug\plugins\com.tibco.bpm.cdm.dm_1.0.0.DEV-2025-04-02-0709-sallapu.jar" />
        <echo message="com.tibco.bpm.cdm.dm_1.0.0.DEV-2025-04-02-0709-sallapu IS_NOT_OBFUSCATED" 
              append="false" 
              file="C:\Builder\candidates\BPM\CaseDataManager\com.tibco.bpm.cdm.dm.feature\2025-04-02-0709.sallapu\jar\release\plugins\com.tibco.bpm.cdm.dm_1.0.0.DEV-2025-04-02-0709-sallapu.IS_NOT_OBFUSCATED" 
              level="warning" />
    </target>

    <target name="gather.bin.parts-*_*_*" 
            depends="-gather-bin-parts-com.tibco.bpm.cdm.dm" />

    <target depends="-assemble-features-*_*_*, -copy-and-zip-feature, gather.bin.parts-*_*_*" 
            name="assemble-*_*_*" />

    <target name="assemble" 
            depends="-make-output-directories,
	assemble-*_*_*,
	-copy-feature-to-local-site-release,
	-copy-feature-to-local-site-debug" />

    <target name="clean" >
        <delete file="C:\CodeBase\ACE\trunk\CaseDataManager\com.tibco.bpm.cdm.dm.feature\assemble.xml" />
        <delete >
            <fileset includes="build.xml, **/*.args" 
                     dir="C:\CodeBase\ACE\trunk\CaseDataManager\com.tibco.bpm.cdm.dm.feature\plugins\com.tibco.bpm.cdm.dm" />
        </delete>
    </target>

    <target name="-copy-feature-to-local-site-release" 
            unless="express-build" >
        <copy file="C:\Builder\candidates\BPM\CaseDataManager\com.tibco.bpm.cdm.dm.feature\2025-04-02-0709.sallapu\jar\release\features\com.tibco.bpm.cdm.dm.feature_1.0.0.DEV-2025-04-02-0709-sallapu.jar" 
              todir="C:\Builder\workspaceInstaller\local-builds-site\features" />
        <copy todir="C:\Builder\workspaceInstaller\local-builds-site\plugins" 
              file="C:\Builder\candidates\BPM\CaseDataManager\com.tibco.bpm.cdm.dm.feature\2025-04-02-0709.sallapu\jar\release\plugins\com.tibco.bpm.cdm.dm_1.0.0.DEV-2025-04-02-0709-sallapu.jar" />
    </target>

    <target name="-copy-feature-to-local-site-debug" >
        <copy file="C:\Builder\candidates\BPM\CaseDataManager\com.tibco.bpm.cdm.dm.feature\2025-04-02-0709.sallapu\jar\debug\features\com.tibco.bpm.cdm.dm.feature_1.0.0.DEV-2025-04-02-0709-sallapu.jar" 
              todir="C:\Builder\workspaceInstaller\local-builds-site-debug\features" />
        <copy todir="C:\Builder\workspaceInstaller\local-builds-site-debug\plugins" 
              file="C:\Builder\candidates\BPM\CaseDataManager\com.tibco.bpm.cdm.dm.feature\2025-04-02-0709.sallapu\jar\debug\plugins\com.tibco.bpm.cdm.dm_1.0.0.DEV-2025-04-02-0709-sallapu.jar" />
    </target>
</project>
